{"cameraMode":{"drawMode":0,"name":"Shaded","section":"Shading Mode"},"sceneLighting":false,"audioPlay":false,"sceneViewState":{"showFog":true,"showMaterialUpdate":false,"showSkybox":false,"showFlares":true,"showImageEffects":true,"showParticleSystems":true},"in2DMode":false,"pivot":{"x":0.0,"y":0.2478344440460205,"z":-0.35384804010391238},"rotation":{"x":0.07832355052232743,"y":-0.9172990918159485,"z":0.3188169300556183,"w":0.2253519892692566},"size":5.740190505981445,"orthographic":false}